12120,9820,9850,0,H̥,H
12130,9820,9850,0,H₁,H₁
12140,9820,9850,0,H₂,H₂
12150,9820,9850,0,H₃,H₃
12160,9820,9850,0,eː̆,eː
12170,9820,9850,0,uː̆,uː
12180,9820,9850,0,^es,eθ
12190,9820,9850,0,^k̂l,k̂
12200,9820,9850,0,H₁$,""
12210,9820,9850,0,H₂$,""
12220,9820,9850,0,H₃$,""
12230,9820,9850,0,eH₂ei,ě
12240,9820,9850,0,H₁ei,i
12250,9820,9850,0,H₁eu,ju
12260,9820,9850,0,H₂ei,ě
12270,9820,9850,0,H₂eu,u
12280,9820,9850,0,H₃ei,ě
12290,9820,9850,0,H₃eu,u
12300,9820,9850,0,oei,u
12310,9820,9850,0,H₁e,e
12320,9820,9850,0,H₂e,o
12330,9820,9850,0,H₃e,o
12340,9820,9850,0,ai,ě
12350,9820,9850,0,au,au
12360,9820,9850,0,eH₁,ě
12370,9820,9850,0,eH₂,a
12380,9820,9850,0,eH₃,uo
12390,9820,9850,0,ei,i
12400,9820,9850,0,eu,a
12410,9820,9850,0,iH₁,y
12420,9820,9850,0,iH₂,y
12430,9820,9850,0,iH₃,y
12440,9820,9850,0,lH₁,ly
12450,9820,9850,0,lH₂,ly
12460,9820,9850,0,lH₃,ly
12470,9820,9850,0,l̥l,il
12480,9820,9850,0,mH₁,e
12490,9820,9850,0,mH₂,e
12500,9820,9850,0,mH₃,e
12510,9820,9850,0,m̥m,im
12520,9820,9850,0,nH₁,e
12530,9820,9850,0,nH₂,e
12540,9820,9850,0,nH₃,e
12550,9820,9850,0,n̥n,an
12560,9820,9850,0,oi,ě
12570,9820,9850,0,ou,u
12580,9820,9850,0,rH₁,ry
12590,9820,9850,0,rH₂,ry
12600,9820,9850,0,rH₃,ry
12610,9820,9850,0,r̥r,ir
12620,9820,9850,0,uH₁,y
12630,9820,9850,0,uH₂,y
12640,9820,9850,0,uH₃,y
12650,9820,9850,0,éH₁,a
12660,9820,9850,0,éy,a
12670,9820,9850,0,eːi,iː
12680,9820,9850,0,eːu,uː
12690,9820,9850,0,oːi,iː
12700,9820,9850,0,oːu,aː
12710,9820,9850,0,a,o
12720,9820,9850,0,e,e
12730,9820,9850,0,i,i
12740,9820,9850,0,l̥,il
12750,9820,9850,0,m̥,a
12760,9820,9850,0,n̥,a
12770,9820,9850,0,o,o
12780,9820,9850,0,r̥,ir
12790,9820,9850,0,u,u
12800,9820,9850,0,é,a
12810,9820,9850,0,ó,a
12820,9820,9850,0,aː,aː
12830,9820,9850,0,eː,aː
12840,9820,9850,0,oː,uo
12850,9820,9850,0,oːi̯,oi
12860,9820,9850,0,dʰw,dv
12870,9820,9850,0,kʷs,xs
12880,9820,9850,0,kʷt,xt
12890,9820,9850,0,sdʰ,zd
12900,9820,9850,0,skʷ,sk
12910,9820,9850,0,ǵʰw,zv
12920,9820,9850,0,Hr,hr
12930,9820,9850,0,dw,dv
12940,9820,9850,0,ks,xs
12950,9820,9850,0,kt,xt
12960,9820,9850,0,ps,ps
12970,9820,9850,0,pt,ft
12980,9820,9850,0,sd,zd
12990,9820,9850,0,sk,sk
13000,9820,9850,0,sp,sp
13010,9820,9850,0,sr,str
13020,9820,9850,0,st,st
13030,9820,9850,0,sw,ʃf
13040,9820,9850,0,sḱ,sk
13050,9820,9850,0,tt,st
13060,9820,9850,0,tw,tv
13070,9820,9850,0,ǵw,zv
13080,9820,9850,0,ḱs,s
13090,9820,9850,0,ḱt,st
13100,9820,9850,0,ḱw,sv
13110,9820,9850,0,gʷʰ,dz
13120,9820,9850,0,bʰ,b
13130,9820,9850,0,dʰ,d
13140,9820,9850,0,gʰ,g
13150,9820,9850,0,gʷ,g
13160,9820,9850,0,kʷ,k
13170,9820,9850,0,ĝʰ,z
13180,9820,9850,0,ǵʰ,z
13190,9820,9850,0,b,b
13200,9820,9850,0,d,d
13210,9820,9850,0,g,g
13220,9820,9850,0,ōi̯,j
13230,9820,9850,0,i̯,j
13240,9820,9850,0,k,k
13250,9820,9850,0,k̂,g
13260,9820,9850,0,l,l
13270,9820,9850,0,m,m
13280,9820,9850,0,n,n
13290,9820,9850,0,p,p
13300,9820,9850,0,r,r
13310,9820,9850,0,s,s
13320,9820,9850,0,t,t
13330,9820,9850,0,eu̯,əv
13340,9820,9850,0,u̯,v
13350,9820,9850,0,w,v
13360,9820,9850,0,ĝ,ʒ
13370,9820,9850,0,ǵ,z
13380,9820,9850,0,ḱ,s
13390,9820,9850,0,k̑,khə
13400,9820,9850,0,H₁,""
13410,9820,9850,0,H₂,""
13420,9820,9850,0,H₃,""
13430,9820,9850,0,ú,u
13440,9820,9850,0,H,""
13450,9820,9850,0,ě,a
13460,9820,9850,0,ḁ,ai̯
13470,9820,9850,0,ḗ,a
13480,9820,9850,0,aa,aː
13490,9820,9850,0,əə,ə
13500,9820,9850,0,əa,a
13510,9820,9850,0,əe,e
13520,9820,9850,0,əu,u
13530,9820,9850,0,ă,aː
13540,9850,9830,0,g̑,gʰ
13550,9850,9830,0,pl,bl
13560,9850,9830,0,pr,br
13570,9850,9830,0,pn,wn
13580,9850,9830,0,pm,wm
13590,9850,9830,0,pŋ,wŋ
13600,9850,9830,0,oː,aː
13610,9850,9830,0,ew,ow
13620,9850,9830,0,uwa,owa
13630,9850,9830,0,ihr,ir
13640,9850,9830,0,ihl,il
13650,9850,9830,0,uhr,ur
13660,9850,9830,0,uhl,ul
13670,9850,9830,0,ixr,ir
13680,9850,9830,0,ixl,il
13690,9850,9830,0,uxr,ur
13700,9850,9830,0,uxl,ul
13710,9850,9830,0,mj,nj
13720,9850,9830,0,mw,w
13730,9850,9830,0,^pi,kʷi
13740,9850,9830,0,s([iueoa]ː?)s,ess
13750,9850,9830,0,sr([iueoa]ː?)s,ers
13760,9850,9830,0,kw,kʷ
13770,9850,9830,0,gw,gʷ
13780,9850,9830,0,gv,gʷ
13790,9850,9830,0,gvh,gʷʰ
13800,9850,9830,0,gʰw,gʷʰ
13810,9850,9830,0,bʰ,b
13820,9850,9830,0,dʰ,d
13830,9850,9830,0,gʰ,g
13840,9850,9830,0,kh,k
13850,9850,9830,0,gʷʰ,gʷ
13860,9850,9830,0,y,i
21660,9830,9840,0,ɣ,g
21670,9830,9840,0,ds,ts
21680,9830,9840,0,dt,tt
21690,9830,9840,0,dv,dʷ
21700,9830,9840,0,gs,ks
21710,9830,9840,0,gt,kt
21720,9830,9840,0,bh,f
21730,9830,9840,0,dh,θ
21740,9830,9840,0,gh,x
21750,9830,9840,0,sr,θr
21760,9830,9840,0,zr,ðr
21770,9830,9840,0,(^tl|tl$),TL
21780,9830,9840,0,tl,kul
21790,9830,9840,0,TL,tl
21800,9830,9840,0,of,af
21810,9830,9840,0,ov,av
21820,9830,9840,0,ol,al
21830,9830,9840,0,(^f|f$),F
21840,9830,9840,0,f,b
21850,9830,9840,0,F,f
21860,9830,9840,0,(^θ|θ$),TH
21870,9830,9840,0,(^x|x$),X
21880,9830,9840,0,(^s|s$),S
21890,9830,9840,0,θ,ð
21900,9830,9840,0,x,ɣ
21910,9830,9840,0,s,z
21920,9830,9840,0,TH,θ
21930,9830,9840,0,X,x
21940,9830,9840,0,S,s
21950,9830,9840,0,əe,e
21960,9830,9840,0,əə,ə
21970,9830,9840,0,əu,u
21980,9830,9840,0,ie,e
21990,9830,9840,0,ei,e
22000,9830,9840,0,uo,o
22010,9830,9840,0,ou,o
22020,9830,9840,0,ːl,l
22030,9830,9840,0,ːr,r
22040,9830,9840,0,ːm$,m
36200,9840,9860,0,m$,""
36210,9840,9860,0,v,β
36220,9840,9860,0,βi,βj
36230,9840,9860,0,ebe,eβe
36240,9840,9860,0,ibe,iβe
36250,9840,9860,0,abe,aβe
36260,9840,9860,0,obe,oβe
36270,9840,9860,0,ube,uβe
36280,9840,9860,0,ebi,eβi
36290,9840,9860,0,ibi,iβi
36300,9840,9860,0,abi,aβi
36310,9840,9860,0,obi,oβi
36320,9840,9860,0,ubi,uβi
36330,9840,9860,0,eba,eβa
36340,9840,9860,0,iba,iβa
36350,9840,9860,0,aba,aβa
36360,9840,9860,0,oba,oβa
36370,9840,9860,0,uba,uβa
36380,9840,9860,0,ebo,eβo
36390,9840,9860,0,ibo,iβo
36400,9840,9860,0,abo,aβo
36410,9840,9860,0,obo,oβo
36420,9840,9860,0,ubo,uβo
36430,9840,9860,0,ebu,eβu
36440,9840,9860,0,ibu,iβu
36450,9840,9860,0,abu,aβu
36460,9840,9860,0,obu,oβu
36470,9840,9860,0,ubu,uβu
36480,9840,9860,0,ia,ja
36490,9840,9860,0,ie,je
36500,9840,9860,0,iu,ju
36510,9840,9860,0,ii,ji
36520,9840,9860,0,io,jo
36530,9840,9860,0,ea,ja
36540,9840,9860,0,ee,je
36550,9840,9860,0,eu,ju
36560,9840,9860,0,ei,ji
36570,9840,9860,0,eo,jo
36580,9840,9860,0,tdj?,ʦ
36590,9840,9860,0,pdj?,ʦ
36600,9840,9860,0,ddj?,ʦ
36610,9840,9860,0,rdj?,rʦ
36620,9840,9860,0,zdj?,zʦ
36630,9840,9860,0,ndj?,nʦ
36640,9840,9860,0,[pt]?tj,ʦ
36650,9840,9860,0,tj,ʦ
36660,9840,9860,0,cj,ʦ
36670,9840,9860,0,ej,e
36680,9840,9860,0,ij,i
36690,9840,9860,0,ɛj,ɛ
36700,9840,9860,0,^ci,cji
36710,9840,9860,0,^ce,cje
36720,9840,9860,0,^gi,gji
36730,9840,9860,0,^ge,gje
36740,9840,9860,0,ct,jt
36750,9840,9860,0,h,js
36760,9840,9860,0,gn,jn
36770,9840,9860,0,[cg]l,jl
36780,9840,9860,0,^j,e
36790,9840,9860,0,pt,tt
36800,9840,9860,0,[rp]s,ss
36810,9840,9860,0,ns,s
36820,9840,9860,0,mn,nn
36830,9840,9860,0,m[bvβ],mm
36840,9840,9860,0,[sk]?kj,ʧ
36850,9840,9860,0,[l]?lj,ʎ
36860,9840,9860,0,bj?,β
36870,9840,9860,0,mj,m
36880,9840,9860,0,iː,I
36890,9840,9860,0,uː,U
36900,9840,9860,0,eː,E
36910,9840,9860,0,aː,A
36920,9840,9860,0,oː,O
36930,9840,9860,0,ao,O
36940,9840,9860,0,oe,E
36950,9840,9860,0,ae,ɛ
36960,9840,9860,0,au,O
36970,9840,9860,0,j,J
36980,9840,9860,0,Ji,JI
36990,9840,9860,0,Ei,EI
37000,9840,9860,0,Ui,UI
37010,9840,9860,0,Ai,AI
37020,9840,9860,0,Je,JE
37030,9840,9860,0,Ie,IE
37040,9840,9860,0,Ue,UE
15130,9860,9870,0,ə,""
15140,9860,9870,0,oi,ui
15150,9860,9870,0,oj,uj
15160,9860,9870,0,oɲ,uɲ
15170,9860,9870,0,om,um
15180,9860,9870,0,ob,ub
15190,9860,9870,0,ov,uv
15200,9860,9870,0,oβ,uβ
15210,9860,9870,0,em,im
15220,9860,9870,0,eb,ib
15230,9860,9870,0,ev,iv
15240,9860,9870,0,eβ,iβ
15250,9860,9870,0,ɛj,ej
15260,9860,9870,0,ɔj,oj
15270,9860,9870,0,nj,ɲ
15280,9860,9870,0,jn,ɲ
15290,9860,9870,0,jl,ʎ
15300,9860,9870,0,lj,ʎ
15310,9860,9870,0,dj,jj
15320,9860,9870,0,gj,jj
15330,9860,9870,0,iː,i
15340,9860,9870,0,ɪ,e
15350,9860,9870,0,eː,e
15360,9860,9870,0,aː,a
15370,9860,9870,0,oː,o
15380,9860,9870,0,uː,u
15390,9860,9870,0,ʊ,o
15400,9860,9870,0,ɔ,ue
15410,9860,9870,0,ɛ,ie
15420,9860,9870,0,tj,ʧ
15430,9860,9870,0,sj,ʃ
15440,9860,9870,0,^f,h
15450,9860,9870,0,rj,jɾ
15460,9860,9870,0,pj,jp
15470,9860,9870,0,ʎ,ʒ
15480,9860,9870,0,ll,ʎ
15490,9860,9870,0,nn,ɲ
15500,9860,9870,0,rr,r
15510,9860,9870,0,ete,ede
15520,9860,9870,0,ite,ide
15530,9860,9870,0,ate,ade
15540,9860,9870,0,ote,ode
15550,9860,9870,0,ute,ude
15560,9860,9870,0,eti,edi
15570,9860,9870,0,iti,idi
15580,9860,9870,0,ati,adi
15590,9860,9870,0,oti,odi
15600,9860,9870,0,uti,udi
15610,9860,9870,0,eta,eda
15620,9860,9870,0,ita,ida
15630,9860,9870,0,ata,ada
15640,9860,9870,0,ota,oda
15650,9860,9870,0,uta,uda
15660,9860,9870,0,eto,edo
15670,9860,9870,0,ito,ido
15680,9860,9870,0,ato,ado
15690,9860,9870,0,oto,odo
15700,9860,9870,0,uto,udo
15710,9860,9870,0,etu,edu
15720,9860,9870,0,itu,idu
15730,9860,9870,0,atu,adu
15740,9860,9870,0,otu,odu
15750,9860,9870,0,utu,udu
15760,9860,9870,0,ese,eze
15770,9860,9870,0,ise,ize
15780,9860,9870,0,ase,aze
15790,9860,9870,0,ose,oze
15800,9860,9870,0,use,uze
15810,9860,9870,0,esi,ezi
15820,9860,9870,0,isi,izi
15830,9860,9870,0,asi,azi
15840,9860,9870,0,osi,ozi
15850,9860,9870,0,usi,uzi
15860,9860,9870,0,esa,eza
15870,9860,9870,0,isa,iza
15880,9860,9870,0,asa,aza
15890,9860,9870,0,osa,oza
15900,9860,9870,0,usa,uza
15910,9860,9870,0,eso,ezo
15920,9860,9870,0,iso,izo
15930,9860,9870,0,aso,azo
15940,9860,9870,0,oso,ozo
15950,9860,9870,0,uso,uzo
15960,9860,9870,0,esu,ezu
15970,9860,9870,0,isu,izu
15980,9860,9870,0,asu,azu
15990,9860,9870,0,osu,ozu
16000,9860,9870,0,usu,uzu
16010,9860,9870,0,eʦe,eʣe
16020,9860,9870,0,iʦe,iʣe
16030,9860,9870,0,aʦe,aʣe
16040,9860,9870,0,oʦe,oʣe
16050,9860,9870,0,uʦe,uʣe
16060,9860,9870,0,eʦi,eʣi
16070,9860,9870,0,iʦi,iʣi
16080,9860,9870,0,aʦi,aʣi
16090,9860,9870,0,oʦi,oʣi
16100,9860,9870,0,uʦi,uʣi
16110,9860,9870,0,eʦa,eʣa
16120,9860,9870,0,iʦa,iʣa
16130,9860,9870,0,aʦa,aʣa
16140,9860,9870,0,oʦa,oʣa
16150,9860,9870,0,uʦa,uʣa
16160,9860,9870,0,eʦo,eʣo
16170,9860,9870,0,iʦo,iʣo
16180,9860,9870,0,aʦo,aʣo
16190,9860,9870,0,oʦo,oʣo
16200,9860,9870,0,uʦo,uʣo
16210,9860,9870,0,eʦu,eʣu
16220,9860,9870,0,iʦu,iʣu
16230,9860,9870,0,aʦu,aʣu
16240,9860,9870,0,oʦu,oʣu
16250,9860,9870,0,uʦu,uʣu
16260,9860,9870,0,e[dbg]e,e
16270,9860,9870,0,i[dbg]e,i
16280,9860,9870,0,a[dbg]e,ade
16290,9860,9870,0,o[dbg]e,eu
16300,9860,9870,0,u[dbg]e,eu
16310,9860,9870,0,e[dbg]i,i
16320,9860,9870,0,i[dbg]i,i
16330,9860,9870,0,a[dbg]i,ai
16340,9860,9870,0,o[dbg]i,oi
16350,9860,9870,0,u[dbg]i,ui
16360,9860,9870,0,e[dbg]a,e
16370,9860,9870,0,i[dbg]a,ai
16380,9860,9870,0,a[dbg]a,a
16390,9860,9870,0,o[dbg]a,o
16400,9860,9870,0,u[dbg]a,au
16410,9860,9870,0,e[dbg]o,eu
16420,9860,9870,0,i[dbg]o,oi
16430,9860,9870,0,a[dbg]o,a
16440,9860,9870,0,o[dbg]o,o
16450,9860,9870,0,u[dbg]o,u
16460,9860,9870,0,e[dbg]u,eu
16470,9860,9870,0,i[dbg]u,u
16480,9860,9870,0,a[dbg]u,au
16490,9860,9870,0,o[dbg]u,o
16500,9860,9870,0,u[dbg]u,u
16510,9860,9870,0,βj,β
16520,9860,9870,0,^[cpf]l,ʎ
16530,9860,9870,0,ʧ,ʦ
16540,9860,9870,0,mm,m
16550,9860,9870,0,pp,p
16560,9860,9870,0,tt,t
16570,9860,9870,0,kk,k
16580,9860,9870,0,zs,z
16590,9860,9870,0,aw,o
16600,9860,9870,0,au,o
16610,9860,9870,0,cj,sj
16620,9860,9870,0,^ce,sje
16630,9860,9870,0,ce,se
16640,9860,9870,0,ci,si
16650,9870,9880,0,sj,js
16660,9870,9880,0,ie,e
16670,9870,9880,0,ei,e
16680,9870,9880,0,θe$,θ
16690,9870,9880,0,ðe$,ð
16700,9870,9880,0,de$,d
16710,9870,9880,0,ne$,n
16720,9870,9880,0,ʦe$,ʦ
16730,9870,9880,0,ʣe$,ʣ
16740,9870,9880,0,se$,s
16750,9870,9880,0,ze$,z
16760,9870,9880,0,re$,r
16770,9870,9880,0,ɾe$,ɾ
16780,9870,9880,0,le$,l
16790,9870,9880,0,β,b
16800,9870,9880,0,b$,u
16810,9870,9880,0,ʦ,ʂ
16820,9870,9880,0,ʣ,ʐ
16830,9870,9880,0,ʐ,ʂ
16840,9870,9880,0,z,s
16850,9870,9880,0,ʒ,ʃ
16860,9870,9880,0,ʂ,θ
16870,9870,9880,0,ʃ,h
37050,9840,9860,0,Ae,AE
37060,9840,9860,0,Jo,JO
37070,9840,9860,0,Eo,EO
37080,9840,9860,0,Io,IO
37090,9840,9860,0,Uo,UO
37100,9840,9860,0,Ao,AO
37110,9840,9860,0,Ju,JU
37120,9840,9860,0,Eu,EU
37130,9840,9860,0,Iu,IU
37140,9840,9860,0,Au,AU
37150,9840,9860,0,i,E
37160,9840,9860,0,e,ɛ
37170,9840,9860,0,o,ɔ
37180,9840,9860,0,u,O
37190,9840,9860,0,O,o
37200,9840,9860,0,J,j
37210,9840,9860,0,E,e
37220,9840,9860,0,I,i
37230,9840,9860,0,U,u
37240,9840,9860,0,A,a
40090,9890,9900,0,f,ɸ
40100,9890,9900,0,hãː,Aː
40110,9890,9900,0,xãː,Aː
40120,9890,9900,0,hĩː,Iː
40130,9890,9900,0,xĩː,Iː
40140,9890,9900,0,hũː,Uː
40150,9890,9900,0,xũː,Uː
40160,9890,9900,0,ijã,I
40170,9890,9900,0,jã,I
40180,9890,9900,0,õː,Oː
40190,9890,9900,0,õ,A
40200,9890,9900,0,ẽ[ː]?,""
40210,9890,9900,0,ã[ː]?,""
40220,9890,9900,0,õ[ː]?,""
40230,9890,9900,0,ũ[ː]?,""
40240,9890,9900,0,ĩ[ː]?,""
40250,9890,9900,0,ɑ̃[ː]?,""
40260,9890,9900,0,ɑia,Aja
40270,9890,9900,0,ɑio,Ajo
40280,9890,9900,0,ɑie,Aje
40290,9890,9900,0,ɑiu,Aju
40300,9890,9900,0,ɑii,Aji
40310,9890,9900,0,ɑiɑ,Ajɑ
40320,9890,9900,0,ɑiɔ,Ajɔ
40330,9890,9900,0,ɑiɛ,Ajɛ
40340,9890,9900,0,ɑiA,AjA
40350,9890,9900,0,ɑiO,AjO
40360,9890,9900,0,ɑiE,AjE
40370,9890,9900,0,ɑiU,AjU
40380,9890,9900,0,ɑiI,AjI
40390,9890,9900,0,ɑiⱭ,AjⱭ
40400,9890,9900,0,ɑiƆ,AjƆ
40410,9890,9900,0,ɑiƐ,AjƐ
40420,9890,9900,0,ɑi,Ɛː
40430,9890,9900,0,ɑua,Awa
40440,9890,9900,0,ɑuo,Awo
40450,9890,9900,0,ɑue,Awe
40460,9890,9900,0,ɑuu,Awu
40470,9890,9900,0,ɑui,Awi
40480,9890,9900,0,ɑuɑ,Awɑ
40490,9890,9900,0,ɑuɔ,Awɔ
40500,9890,9900,0,ɑuɛ,Awɛ
40510,9890,9900,0,ɑuA,AwA
40520,9890,9900,0,ɑuO,AwO
40530,9890,9900,0,ɑuE,AwE
40540,9890,9900,0,ɑuU,AwU
40550,9890,9900,0,ɑuI,AwI
40560,9890,9900,0,ɑuⱭ,AwⱭ
40570,9890,9900,0,ɑuƆ,AwƆ
40580,9890,9900,0,ɑuƐ,AwƐ
40590,9890,9900,0,ɑu,Ɔː
40600,9890,9900,0,eua,Iwa
40610,9890,9900,0,euo,Iwo
40620,9890,9900,0,eue,Iwe
40630,9890,9900,0,euu,Iwu
40640,9890,9900,0,eui,Iwi
40650,9890,9900,0,euɑ,Iwɑ
40660,9890,9900,0,euɔ,Iwɔ
40670,9890,9900,0,euɛ,Iwɛ
40680,9890,9900,0,iua,Iwa
40690,9890,9900,0,iuo,Iwo
40700,9890,9900,0,iue,Iwe
40710,9890,9900,0,iuu,Iwu
40720,9890,9900,0,iui,Iwi
40730,9890,9900,0,iuɑ,Iwɑ
40740,9890,9900,0,iuɔ,Iwɔ
40750,9890,9900,0,iuɛ,Iwɛ
40760,9890,9900,0,euA,IwA
40770,9890,9900,0,euO,IwO
40780,9890,9900,0,euE,IwE
40790,9890,9900,0,euU,IwU
40800,9890,9900,0,euI,IwI
40810,9890,9900,0,euⱭ,IwⱭ
40820,9890,9900,0,euƆ,IwƆ
40830,9890,9900,0,euƐ,IwƐ
40840,9890,9900,0,iuA,IwA
40850,9890,9900,0,iuO,IwO
40860,9890,9900,0,iuE,IwE
40870,9890,9900,0,iuU,IwU
40880,9890,9900,0,iuI,IwI
40890,9890,9900,0,iuⱭ,IwⱭ
40900,9890,9900,0,iuƆ,IwƆ
40910,9890,9900,0,iuƐ,IwƐ
40920,9890,9900,0,eu,Iu
40930,9890,9900,0,ɛːa,Ɛːa
40940,9890,9900,0,ɛːo,Ɛːo
40950,9890,9900,0,ɛːe,Ɛːe
40960,9890,9900,0,ɛːu,Ɛːu
40970,9890,9900,0,ɛːi,Ɛːi
40980,9890,9900,0,ɛːɑ,Ɛːɑ
40990,9890,9900,0,ɛːɔ,Ɛːɔ
41000,9890,9900,0,ɛːɛ,Ɛːɛ
41010,9890,9900,0,eːa,Eːa
41020,9890,9900,0,eːo,Eːo
41030,9890,9900,0,eːe,Eːe
41040,9890,9900,0,eːu,Eːu
41050,9890,9900,0,eːi,Eːi
41060,9890,9900,0,eːɑ,Eːɑ
41070,9890,9900,0,eːɔ,Eːɔ
41080,9890,9900,0,eːɛ,Eːɛ
41090,9890,9900,0,ɛːA,ƐːA
41100,9890,9900,0,ɛːO,ƐːO
41110,9890,9900,0,ɛːE,ƐːE
41120,9890,9900,0,ɛːU,ƐːU
41130,9890,9900,0,ɛːI,ƐːI
41140,9890,9900,0,ɛːⱭ,ƐːⱭ
41150,9890,9900,0,ɛːƆ,ƐːƆ
41160,9890,9900,0,ɛːƐ,ƐːƐ
41170,9890,9900,0,eːA,EːA
41180,9890,9900,0,eːO,EːO
41190,9890,9900,0,eːE,EːE
41200,9890,9900,0,eːU,EːU
41210,9890,9900,0,eːI,EːI
41220,9890,9900,0,eːⱭ,EːⱭ
41230,9890,9900,0,eːƆ,EːƆ
41240,9890,9900,0,eːƐ,EːƐ
41250,9890,9900,0,ɛː,Eː
41260,9890,9900,0,ɔːa,Ɔːa
41270,9890,9900,0,ɔːo,Ɔːo
41280,9890,9900,0,ɔːe,Ɔːe
41290,9890,9900,0,ɔːu,Ɔːu
41300,9890,9900,0,ɔːi,Ɔːi
41310,9890,9900,0,ɔːɑ,Ɔːɑ
41320,9890,9900,0,ɔːɔ,Ɔːɔ
41330,9890,9900,0,ɔːɛ,Ɔːɛ
41340,9890,9900,0,ɔːA,ƆːA
41350,9890,9900,0,ɔːO,ƆːO
41360,9890,9900,0,ɔːE,ƆːE
41370,9890,9900,0,ɔːU,ƆːU
41380,9890,9900,0,ɔːI,ƆːI
41390,9890,9900,0,ɔːⱭ,ƆːⱭ
41400,9890,9900,0,ɔːƆ,ƆːƆ
41410,9890,9900,0,ɔːƐ,ƆːƐ
41420,9890,9900,0,ɔː,Oː
41430,9890,9900,0,iː,Iː
41440,9890,9900,0,uː,Uː
41450,9890,9900,0,ɑ,A
41460,9890,9900,0,[ei]x,Ɛx
41470,9890,9900,0,[ei]h,Ɛh
41480,9890,9900,0,[ei]r,Ɛr
41490,9890,9900,0,[ei],I
41500,9890,9900,0,ux,Ɔx
41510,9890,9900,0,uh,Ɔh
41520,9890,9900,0,ur,Ɔr
41530,9890,9900,0,u,U
41540,9890,9900,0,A,a
41550,9890,9900,0,Ɛ,ɛ
41560,9890,9900,0,Ɔ,ɔ
41570,9890,9900,0,E,e
41580,9890,9900,0,I,i
41590,9890,9900,0,U,u
41600,9890,9900,0,O,o
41610,9890,9900,0,j,J
41620,9890,9900,0,l,L
41630,9890,9900,0,m,M
41640,9890,9900,0,r,R
41650,9890,9900,0,w,W
41660,9890,9900,0,nk,Ŋk
41670,9890,9900,0,ng,Ŋg
41680,9890,9900,0,tJ,dJ
41690,9890,9900,0,tL,dL
41700,9890,9900,0,tM,dM
41710,9890,9900,0,tR,dR
41720,9890,9900,0,tW,dW
41730,9890,9900,0,tN,dN
41740,9890,9900,0,tn,dn
41750,9890,9900,0,tŊ,dŊ
41760,9890,9900,0,tg,dg
41770,9890,9900,0,tɣ,dɣ
41780,9890,9900,0,td,dd
41790,9890,9900,0,tz,dz
41800,9890,9900,0,tb,db
41810,9890,9900,0,tð,dð
41820,9890,9900,0,tβ,dβ
41830,9890,9900,0,t,T
41840,9890,9900,0,z,s
41850,9890,9900,0,sd,Zd
41860,9890,9900,0,sð,Zð
41870,9890,9900,0,sβ,Zβ
41880,9890,9900,0,sg,Zg
41890,9890,9900,0,sɣ,Zɣ
41900,9890,9900,0,sz,Zz
41910,9890,9900,0,sD,ZD
41920,9890,9900,0,sÐ,ZÐ
41930,9890,9900,0,sΒ,ZΒ
41940,9890,9900,0,sG,ZG
41950,9890,9900,0,sƔ,ZƔ
41960,9890,9900,0,sZ,ZZ
41970,9890,9900,0,s,S
41980,9890,9900,0,ad,að
41990,9890,9900,0,ɛd,ɛð
42000,9890,9900,0,ɔd,ɔð
42010,9890,9900,0,ed,eð
42020,9890,9900,0,id,ið
42030,9890,9900,0,ud,uð
42040,9890,9900,0,od,oð
42050,9890,9900,0,ðɸ,θɸ
42060,9890,9900,0,ðp,θp
42070,9890,9900,0,ðk,θk
42080,9890,9900,0,ðx,θx
42090,9890,9900,0,ðs,θs
42100,9890,9900,0,ðθ,θθ
42110,9890,9900,0,ðP,θP
42120,9890,9900,0,ðK,θK
42130,9890,9900,0,ðX,θX
42140,9890,9900,0,ðS,θS
42150,9890,9900,0,ðΘ,θΘ
42160,9890,9900,0,ab,aβ
42170,9890,9900,0,ɛb,ɛβ
42180,9890,9900,0,ɔb,ɔβ
42190,9890,9900,0,eb,eβ
42200,9890,9900,0,ib,iβ
42210,9890,9900,0,ub,uβ
42220,9890,9900,0,ob,oβ
42230,9890,9900,0,βɸ,ɸɸ
42240,9890,9900,0,βp,ɸp
42250,9890,9900,0,βk,ɸk
42260,9890,9900,0,βx,ɸx
42270,9890,9900,0,βs,ɸs
42280,9890,9900,0,βθ,ɸθ
42290,9890,9900,0,βP,ɸP
42300,9890,9900,0,βK,ɸK
42310,9890,9900,0,βX,ɸX
42320,9890,9900,0,βS,ɸS
42330,9890,9900,0,βΘ,ɸΘ
42340,9890,9900,0,ag,aƔ
42350,9890,9900,0,ɛg,ɛƔ
42360,9890,9900,0,ɔg,ɔƔ
42370,9890,9900,0,eg,eƔ
42380,9890,9900,0,ig,iƔ
42390,9890,9900,0,ug,uƔ
42400,9890,9900,0,og,oƔ
42410,9890,9900,0,Ɣɸ,Xɸ
42420,9890,9900,0,Ɣp,Xp
42430,9890,9900,0,Ɣk,Xk
42440,9890,9900,0,Ɣx,Xx
42450,9890,9900,0,Ɣs,Xs
42460,9890,9900,0,Ɣθ,Xθ
42470,9890,9900,0,ƔP,XP
42480,9890,9900,0,ƔK,XK
42490,9890,9900,0,ƔX,XX
42500,9890,9900,0,ƔS,XS
42510,9890,9900,0,ƔΘ,XΘ
42520,9890,9900,0,xJ,ƔJ
42530,9890,9900,0,xL,ƔL
42540,9890,9900,0,xM,ƔM
42550,9890,9900,0,xR,ƔR
42560,9890,9900,0,xW,ƔW
42570,9890,9900,0,xN,ƔN
42580,9890,9900,0,xn,Ɣn
42590,9890,9900,0,xŊ,ƔŊ
42600,9890,9900,0,xg,Ɣg
42610,9890,9900,0,xƔ,ƔƔ
42620,9890,9900,0,xɣ,Ɣɣ
42630,9890,9900,0,xd,Ɣd
42640,9890,9900,0,xz,Ɣz
42650,9890,9900,0,xb,Ɣb
42660,9890,9900,0,xð,Ɣð
42670,9890,9900,0,xβ,Ɣβ
42680,9890,9900,0,x,h
42690,9890,9900,0,pJ,βJ
42700,9890,9900,0,pL,βL
42710,9890,9900,0,pM,βM
42720,9890,9900,0,pR,βR
42730,9890,9900,0,pW,βW
42740,9890,9900,0,pN,βN
42750,9890,9900,0,pn,βn
42760,9890,9900,0,pŊ,βŊ
42770,9890,9900,0,pg,βg
42780,9890,9900,0,pƔ,βƔ
42790,9890,9900,0,pɣ,βɣ
42800,9890,9900,0,pd,βd
42810,9890,9900,0,pz,βz
42820,9890,9900,0,pb,βb
42830,9890,9900,0,pð,βð
42840,9890,9900,0,pβ,ββ
42850,9890,9900,0,kJ,gJ
42860,9890,9900,0,kL,gL
42870,9890,9900,0,kM,gM
42880,9890,9900,0,kR,gR
42890,9890,9900,0,kW,gW
42900,9890,9900,0,kN,gN
42910,9890,9900,0,kn,gn
42920,9890,9900,0,kŊ,gŊ
42930,9890,9900,0,kg,gg
42940,9890,9900,0,kƔ,gƔ
42950,9890,9900,0,kɣ,gɣ
42960,9890,9900,0,kd,gd
42970,9890,9900,0,kz,gz
42980,9890,9900,0,kb,gb
42990,9890,9900,0,kð,gð
43000,9890,9900,0,kβ,gβ
43010,9890,9900,0,S,s
43020,9890,9900,0,J,j
43030,9890,9900,0,L,l
43040,9890,9900,0,M,m
43050,9890,9900,0,R,r
43060,9890,9900,0,W,w
43070,9890,9900,0,T,t
43080,9890,9900,0,Ɣ,ɣ
43090,9890,9900,0,Ŋ,ŋ
43100,9840,9890,0,v,w
43110,9840,9890,0,rʒ,rg
43120,9840,9890,0,ʒr,gr
43130,9840,9890,0,ʒn,gn
43140,9840,9890,0,ʃp,sp
43150,9840,9890,0,ʃb,sp
43160,9840,9890,0,[ʃʒ],sk
43170,9840,9890,0,ll,l
43180,9840,9890,0,pp,p
43190,9840,9890,0,zz,z
43200,9840,9890,0,ss,s
43210,9840,9890,0,[dt][dt],ss
43220,9840,9890,0,^he,a
43230,9840,9890,0,^h,""
43240,9840,9890,0,ah,aː
43250,9840,9890,0,eh,eː
43260,9840,9890,0,ih,iː
43270,9840,9890,0,oh,oː
43280,9840,9890,0,uh,uː
43290,9840,9890,0,ha,a
43300,9840,9890,0,he,e
43310,9840,9890,0,hi,i
43320,9840,9890,0,ho,o
43330,9840,9890,0,hu,u
43340,9840,9890,0,hw,gw
43350,9840,9890,0,h,ə
43360,9840,9890,0,kw,kʷ
43370,9840,9890,0,gw,gʷ
43380,9840,9890,0,ŋw,ŋʷ
43390,9840,9890,0,xw,xʷ
43400,9840,9890,0,ɣw,ɣʷ
43410,9840,9890,0,ʷu,u
43420,9840,9890,0,ʷt,t
43430,9840,9890,0,[eaoə]$,""
43440,9840,9890,0,[jw]$,""
43450,9840,9890,0,^p,ɸ
43460,9840,9890,0,ep,eɸ
43470,9840,9890,0,ap,aɸ
43480,9840,9890,0,op,oɸ
43490,9840,9890,0,up,uɸ
43500,9840,9890,0,ip,iɸ
43510,9840,9890,0,əp,əɸ
43520,9840,9890,0,wp,wɸ
43530,9840,9890,0,jp,jɸ
43540,9840,9890,0,^t,θ
43550,9840,9890,0,et,eθ
43560,9840,9890,0,at,aθ
43570,9840,9890,0,ot,oθ
43580,9840,9890,0,ut,uθ
43590,9840,9890,0,it,iθ
43600,9840,9890,0,ət,əθ
43610,9840,9890,0,wt,wθ
43620,9840,9890,0,jt,jθ
43630,9840,9890,0,^k,x
43640,9840,9890,0,ek,ex
43650,9840,9890,0,ak,ax
43660,9840,9890,0,ok,ox
43670,9840,9890,0,uk,ux
43680,9840,9890,0,ik,ix
43690,9840,9890,0,ək,əx
43700,9840,9890,0,wk,wx
43710,9840,9890,0,jk,jx
43720,9840,9890,0,(b|bʰ|p)t,ɸt
43730,9840,9890,0,(g|gʰ|gʷ|gʷʰ|k|kʷ)t,xt
43740,9840,9890,0,bʰ,B
43750,9840,9890,0,dʰ,D
43760,9840,9890,0,gʰ,G
43770,9840,9890,0,gʷʰ,Gʷ
43780,9840,9890,0,b,p
43790,9840,9890,0,d,t
43800,9840,9890,0,g,k
43810,9840,9890,0,B,b
43820,9840,9890,0,D,d
43830,9840,9890,0,G,g
43840,9840,9890,0,iɸ,iβ
43850,9840,9890,0,iθ,ið
43860,9840,9890,0,is,iz
43870,9840,9890,0,ih,iɣ
43880,9840,9890,0,ihʷ,iɣʷ
43890,9840,9890,0,eɸ,eβ
43900,9840,9890,0,eθ,eð
43910,9840,9890,0,es,ez
43920,9840,9890,0,eh,eɣ
43930,9840,9890,0,ehʷ,eɣʷ
43940,9840,9890,0,aɸ,aβ
43950,9840,9890,0,aθ,að
43960,9840,9890,0,as,az
43970,9840,9890,0,ah,aɣ
43980,9840,9890,0,ahʷ,aɣʷ
43990,9840,9890,0,oɸ,oβ
44000,9840,9890,0,oθ,oð
44010,9840,9890,0,os,oz
44020,9840,9890,0,oh,oɣ
44030,9840,9890,0,ohʷ,oɣʷ
44040,9840,9890,0,uɸ,uβ
44050,9840,9890,0,uθ,uð
44060,9840,9890,0,us,uz
44070,9840,9890,0,uh,uɣ
44080,9840,9890,0,uhʷ,uɣʷ
44090,9840,9890,0,^gʷ,b
44100,9840,9890,0,nw,nn
44110,9840,9890,0,ln,ll
44120,9840,9890,0,zm,mm
44130,9840,9890,0,owo,oː
44140,9840,9890,0,ew,ow
44150,9840,9890,0,ej,iː
44160,9840,9890,0,er,Er
44170,9840,9890,0,eː,Eː
44180,9840,9890,0,e,i
44190,9840,9890,0,E,e
44200,9840,9890,0,ji,i
44210,9840,9890,0,[oa],ɑ
44220,9840,9890,0,m$,n
44230,9840,9890,0,mt,nt
44240,9840,9890,0,md,nd
44250,9840,9890,0,ml,nl
44260,9840,9890,0,mn,nn
44270,9840,9890,0,en$,ẽ
44280,9840,9890,0,an$,ã
44290,9840,9890,0,on$,õ
44300,9840,9890,0,un$,ũ
44310,9840,9890,0,in$,ĩ
44320,9840,9890,0,ɑn$,ɑ̃
46800,9820,46110,0,m̥,am
44330,9840,9890,0,eːn$,ẽː
44340,9840,9890,0,aːn$,ãː
44350,9840,9890,0,oːn$,õː
44360,9840,9890,0,uːn$,ũː
44370,9840,9890,0,iːn$,ĩː
44380,9840,9890,0,ɑːn$,ɑ̃ː
44390,9840,9890,0,n$,""
44400,9840,9890,0,ẽ,ɑ̃
44410,9840,9890,0,eə,eɑ
44420,9840,9890,0,aə,aɑ
44430,9840,9890,0,oə,oɑ
44440,9840,9890,0,uə,uɑ
44450,9840,9890,0,iə,iɑ
44460,9840,9890,0,ɑə,ɑɑ
44470,9840,9890,0,ːə,ɑ
44480,9840,9890,0,əe,ɑe
44490,9840,9890,0,əa,ɑa
44500,9840,9890,0,əo,ɑo
44510,9840,9890,0,əu,ɑu
44520,9840,9890,0,əi,ɑi
44530,9840,9890,0,əɑ,ɑɑ
44540,9840,9890,0,ːː,ː
44550,9840,9890,0,ə,""
44560,9840,9890,0,ɣʷ,w
44570,9840,9890,0,ɑː,ɔː
44580,9840,9890,0,ei,iː
44590,9840,9890,0,en,in
44600,9840,9890,0,ej,e
44610,9840,9890,0,oj,o
44620,9840,9890,0,uj,u
44630,9840,9890,0,aj,a
44640,9840,9890,0,ɔj,ɔ
44650,9840,9890,0,ɑj,ɑ
44660,9840,9890,0,ːj,ː
44670,9840,9890,0,ee,eː
44680,9840,9890,0,aa,aː
44690,9840,9890,0,ii,iː
44700,9840,9890,0,oo,oː
44710,9840,9890,0,uu,uː
44720,9840,9890,0,ɔɔ,ɔː
44730,9840,9890,0,ɑɑ,ɑː
44740,9840,9890,0,enx,ẽx
44750,9840,9890,0,anx,ãx
44760,9840,9890,0,onx,õx
44770,9840,9890,0,unx,ũx
44780,9840,9890,0,inx,ĩx
44790,9840,9890,0,ɑnx,ɑ̃x
44800,9840,9890,0,nx,x
46120,9820,46110,0,H̥,H
46130,9820,46110,0,H₁,H1
46140,9820,46110,0,H₂,H2
46150,9820,46110,0,H₃,H3
46160,9820,46110,0,ī́,iː
46170,9820,46110,0,ē̆,eː
46180,9820,46110,0,ū̆,u
46190,9820,46110,0,pn,b
46200,9820,46110,0,wn̥,b
46210,9820,46110,0,rm,rŋ
46220,9820,46110,0,^H1,a
46230,9820,46110,0,^H2,xa
46240,9820,46110,0,^H3,ha
46250,9820,46110,0,eH2ei,ai
46260,9820,46110,0,H1ei,eː
46270,9820,46110,0,H1eu,u
46280,9820,46110,0,H2ei,eː
46290,9820,46110,0,H2eu,u
46300,9820,46110,0,H3ei,ai
46310,9820,46110,0,H3eu,u
46320,9820,46110,0,oei,ai
46330,9820,46110,0,H1e,ʔe
46340,9820,46110,0,H2e,ha
46350,9820,46110,0,H3e,a
46360,9820,46110,0,ai,eː
46370,9820,46110,0,au,u
46380,9820,46110,0,eH1,i
46390,9820,46110,0,eH2,ah
46400,9820,46110,0,eH3,aː
46410,9820,46110,0,ei,eː
46420,9820,46110,0,eu,u
46430,9820,46110,0,iH1,i
46440,9820,46110,0,iH2,iː
46450,9820,46110,0,iH3,iː
46460,9820,46110,0,lH1,laː
46470,9820,46110,0,lH2,laː
46480,9820,46110,0,lH3,laː
46490,9820,46110,0,l̥l,el
46500,9820,46110,0,mH1,maː
46510,9820,46110,0,mH2,maː
46520,9820,46110,0,mH3,maː
46530,9820,46110,0,m̥m,am
46540,9820,46110,0,nH1,naː
46550,9820,46110,0,nH2,naː
46560,9820,46110,0,nH3,naː
46570,9820,46110,0,n̥n,an
46580,9820,46110,0,oi,eː
46590,9820,46110,0,ou,u
46600,9820,46110,0,rH1,raː
46610,9820,46110,0,rH2,raː
46620,9820,46110,0,rH3,raː
46630,9820,46110,0,r̥r,ar
46640,9820,46110,0,uH1,u
46650,9820,46110,0,uH2,u
46660,9820,46110,0,uH3,u
46670,9820,46110,0,éH1,i
46680,9820,46110,0,éy,i
46690,9820,46110,0,ēi,eː
46700,9820,46110,0,ēu,u
46710,9820,46110,0,ōi,ai
46720,9820,46110,0,ōu,u
46730,9820,46110,0,a,ha
46740,9820,46110,0,e,e
46750,9820,46110,0,ī,i
46760,9820,46110,0,i,i
46770,9820,46110,0,l̥,al
46780,9820,46110,0,ḿ̥,am
46790,9820,46110,0,m̥̥,am
46810,9820,46110,0,n̥,an
46820,9820,46110,0,o,a
46830,9820,46110,0,r̥,ar
46840,9820,46110,0,ū,u
46850,9820,46110,0,á,aː
46860,9820,46110,0,é,eː
46870,9820,46110,0,ó,a
46880,9820,46110,0,ā,a
46890,9820,46110,0,ē,eː
46900,9820,46110,0,ō,a
46910,9820,46110,0,ă,a
46920,9820,46110,0,dʰw,tu
46930,9820,46110,0,kʷs,kus
46940,9820,46110,0,kʷt,kt
46950,9820,46110,0,sdʰ,sθ
46960,9820,46110,0,skʷ,sku
46970,9820,46110,0,ǵʰw,z
46980,9820,46110,0,Hr,hr
46990,9820,46110,0,dw,du
47000,9820,46110,0,ks,ks
47010,9820,46110,0,kt,kt
47020,9820,46110,0,ps,ps
47030,9820,46110,0,pt,pt
47040,9820,46110,0,sd,sð
47050,9820,46110,0,sk,sk
47060,9820,46110,0,sp,sp
47070,9820,46110,0,sr,ʃar
47080,9820,46110,0,st,st
47090,9820,46110,0,sw,sw
47100,9820,46110,0,sḱ,sk
47110,9820,46110,0,tt,zt
47120,9820,46110,0,tw,tu
47130,9820,46110,0,ǵw,z
47140,9820,46110,0,ḱs,ks
47150,9820,46110,0,ḱt,kt
47160,9820,46110,0,ḱw,ʃu
47170,9820,46110,0,gʷʰ,ku
47180,9820,46110,0,bʰ,p
47190,9820,46110,0,dʰ,t
47200,9820,46110,0,gʰ,k
47210,9820,46110,0,gʷ,ku
47220,9820,46110,0,kʷ,ku
47230,9820,46110,0,ĝʰ,k
47240,9820,46110,0,ǵʰ,ku
47250,9820,46110,0,^m,n
47260,9820,46110,0,b,p
47270,9820,46110,0,d,t
47280,9820,46110,0,g,k
47290,9820,46110,0,g̑,k
47300,9820,46110,0,i̯,j
47310,9820,46110,0,ː́k̂,ːk
47320,9820,46110,0,k̂,k
47330,9820,46110,0,k,k
47340,9820,46110,0,l,l
47350,9820,46110,0,m,m
47360,9820,46110,0,n,n
47370,9820,46110,0,p,p
47380,9820,46110,0,r,r
47390,9820,46110,0,s,ʃ
47400,9820,46110,0,t,t
47410,9820,46110,0,u̯,w
47420,9820,46110,0,w,w
47430,9820,46110,0,ĝ,k
47440,9820,46110,0,ǵ,k
47450,9820,46110,0,ḱ,kk
47460,9820,46110,0,H1,""
47470,9820,46110,0,H2,h
47480,9820,46110,0,H3,""
47490,9820,46110,0,H,h
47500,9820,46110,0,y,j
47510,9820,46110,0,aa,a
47520,9820,46110,0,hh,h
47530,46110,46100,0,kh$,k
47540,46110,46100,0,mt$,nt
47550,46110,46100,0,kʃ$,kt
47560,46110,46100,0,nʃ$,ntʃ
47570,46110,46100,0,ntʃ$,nt
47580,46110,46100,0,rʃk$,rx
47590,46110,46100,0,rŋ$,rx
47600,46110,46100,0,ʃk$,sk
47610,46110,46100,0,h$,k
47620,46110,46100,0,j$,jk
47630,46110,46100,0,l$,ra
47640,46110,46100,0,m$,n
47650,46110,46100,0,n$,nk
47660,46110,46100,0,p$,f
47670,46110,46100,0,f$,ʃ
47680,46110,46100,0,ʃ$,ʃt
47690,46110,46100,0,^pht,dg
47700,46110,46100,0,^kh,gh
47710,46110,46100,0,^kl,gr
47720,46110,46100,0,^kn,gn
47730,46110,46100,0,^ph,gh
47740,46110,46100,0,^pr,dr
47750,46110,46100,0,^tj,dn
47760,46110,46100,0,^tk,dg
47770,46110,46100,0,^tr,dr
47780,46110,46100,0,^xh,gh
47790,46110,46100,0,^ʃh,ʒ
47800,46110,46100,0,^ʃn,ŋ
47810,46110,46100,0,^ʃw,ŋ
47820,46110,46100,0,^h,gh
47830,46110,46100,0,^k,g
47840,46110,46100,0,^l,r
47850,46110,46100,0,^n,n
47860,46110,46100,0,^t,d
47870,46110,46100,0,^w,r
47880,46110,46100,0,p,f
47890,46110,46100,0,f,ʃ
47900,46100,20320,0,dd,d
47910,46100,20320,0,dʣ,ʣ
47920,46100,20320,0,dʤ,ʤ
47930,46100,20320,0,dʤʲ,ʤʲ
47940,46100,20320,0,gdg,dg
47950,46100,20320,0,gdgʰ,dgʰ
47960,46100,20320,0,td,d
47970,46100,20320,0,tg,dg
47980,46100,20320,0,tz,ʣ
47990,46100,20320,0,tgʰ,dgʰ
48000,46100,20320,0,tʒ,ʤ
48010,46100,20320,0,tʒʲ,ʤʲ
48020,46100,20320,0,tʣ,ʣ
48030,46100,20320,0,tʤ,ʤ
48040,46100,20320,0,tʤʲ,ʤʲ
48050,46100,20320,0,ntn,nt
48060,46100,20320,0,ntnʲ,nt
48070,46100,20320,0,ntŋ,nt
48080,46100,20320,0,ktd,gd
48090,46100,20320,0,ktg,dg
48100,46100,20320,0,ktz,gʣ
48110,46100,20320,0,ktgʰ,dgʰ
48120,46100,20320,0,ktʒ,gʤ
48130,46100,20320,0,ktʒʲ,gʤʲ
48140,46100,20320,0,ktʣ,gʣ
48150,46100,20320,0,ktʤ,gʤ
48160,46100,20320,0,ktʤʲ,gʤʲ
48170,46100,20320,0,gg,g
48180,46100,20320,0,gz,ɣz
48190,46100,20320,0,ggʰ,gʰ
48200,46100,20320,0,ʣgd,ʣg
48210,46100,20320,0,ʣgz,ʣg
48220,46100,20320,0,ʣgʣ,ʣg
48230,46100,20320,0,zgz,zg
48240,46100,20320,0,zgʣ,ʣg
48250,46100,20320,0,rɣr,rɣ
48260,46100,20320,0,kg,g
48270,46100,20320,0,kz,ɣz
48280,46100,20320,0,kgʰ,gʰ
48290,46100,20320,0,kʒ,gʒ
48300,46100,20320,0,kʒʲ,gʒʲ
48310,46100,20320,0,kʣ,gʣ
48320,46100,20320,0,kʤ,gʤ
48330,46100,20320,0,kʤʲ,gʤʲ
48340,46100,20320,0,ʦkd,ʣ
48350,46100,20320,0,ʦkg,ʣg
48360,46100,20320,0,ʦkz,ʣg
48370,46100,20320,0,ʦkgʰ,ʣgʰ
48380,46100,20320,0,ʦkʣ,ʣg
48390,46100,20320,0,ʦkʤ,ʣgʤ
48400,46100,20320,0,ʦkʤʲ,ʣgʤʲ
48410,46100,20320,0,skd,zgd
48420,46100,20320,0,skg,zg
48430,46100,20320,0,skz,zg
48440,46100,20320,0,skgʰ,zgʰ
48450,46100,20320,0,skʣ,ʣg
48460,46100,20320,0,skʤ,zgʤ
48470,46100,20320,0,skʤʲ,zgʤʲ
48480,46100,20320,0,rxd,rɣd
48490,46100,20320,0,rxg,rɣ
48500,46100,20320,0,rxr,rx
48510,46100,20320,0,rxz,rɣz
48520,46100,20320,0,rxgʰ,rɣz
48530,46100,20320,0,rxʒ,rɣʒ
48540,46100,20320,0,rxʒʲ,rɣʒʲ
48550,46100,20320,0,rxʣ,rʣ
48560,46100,20320,0,rxʤ,rʤ
48570,46100,20320,0,rxʤʲ,rʤʲ
48580,46100,20320,0,nkn,nk
48590,46100,20320,0,nknʲ,nk
48600,46100,20320,0,nkŋ,nk
48610,46100,20320,0,kʼg,g
48620,46100,20320,0,kʼz,ɣz
48630,46100,20320,0,kʼgʰ,gʰ
48640,46100,20320,0,kʼʣ,gʣ
48650,46100,20320,0,kʼʤ,gʤ
48660,46100,20320,0,kʼʤʲ,gʤʲ
48670,46100,20320,0,ʦkʼd,ʣ
48680,46100,20320,0,ʦkʼg,ʣg
48690,46100,20320,0,ʦkʼz,ʣg
48700,46100,20320,0,ʦkʼgʰ,ʣgʰ
48710,46100,20320,0,ʦkʼʣ,ʣg
48720,46100,20320,0,ʦkʼʤ,ʣgʤ
48730,46100,20320,0,ʦkʼʤʲ,ʣgʤʲ
48740,46100,20320,0,skʼd,zgd
48750,46100,20320,0,skʼg,zg
48760,46100,20320,0,skʼz,zg
48770,46100,20320,0,skʼgʰ,zgʰ
48780,46100,20320,0,skʼʣ,ʣg
48790,46100,20320,0,skʼʤ,zgʤ
48800,46100,20320,0,skʼʤʲ,zgʤʲ
48810,46100,20320,0,nkʼn,nkʼ
48820,46100,20320,0,nkʼnʲ,nkʼ
48830,46100,20320,0,nkʼŋ,nkʼ
48840,46100,20320,0,ʔd,d
48850,46100,20320,0,ʔg,g
48860,46100,20320,0,ʔn,n
48870,46100,20320,0,ʔnʲ,nʲ
48880,46100,20320,0,ʔr,r
48890,46100,20320,0,ʔz,z
48900,46100,20320,0,ʔŋ,ŋ
48910,46100,20320,0,ʔgʰ,gʰ
48920,46100,20320,0,ʔʒ,ʒ
48930,46100,20320,0,ʔʒʲ,ʒʲ
48940,46100,20320,0,ʔʣ,ʣ
48950,46100,20320,0,ʔʤ,ʤ
48960,46100,20320,0,ʔʤʲ,ʤʲ
48970,46100,20320,0,zz,z
48980,46100,20320,0,zʣ,ʣ
48990,46100,20320,0,zʤ,ʤ
49000,46100,20320,0,zʤʲ,ʤʲ
49010,46100,20320,0,ɣzg,zg
49020,46100,20320,0,ɣzgʰ,zgʰ
49030,46100,20320,0,ɣzʣ,ʣ
49040,46100,20320,0,rzr,rz
49050,46100,20320,0,sd,zd
49060,46100,20320,0,sg,zg
49070,46100,20320,0,sr,zr
49080,46100,20320,0,sz,z
49090,46100,20320,0,sŋ,z
49100,46100,20320,0,sgʰ,zgʰ
49110,46100,20320,0,sʒ,zʒ
49120,46100,20320,0,sʒʲ,zʒʲ
49130,46100,20320,0,sʣ,ʣ
49140,46100,20320,0,sʤ,ʤ
49150,46100,20320,0,sʤʲ,ʤʲ
49160,46100,20320,0,xsd,ɣzd
49170,46100,20320,0,xsg,zg
49180,46100,20320,0,xsr,ɣzr
49190,46100,20320,0,xsz,ɣz
49200,46100,20320,0,xsŋ,ɣz
49210,46100,20320,0,xsgʰ,ʣgʰ
49220,46100,20320,0,xsʒ,ɣzʒ
49230,46100,20320,0,xsʒʲ,ɣzʒʲ
49240,46100,20320,0,xsʣ,ʣg
49250,46100,20320,0,xsʤ,ɣʤ
49260,46100,20320,0,xsʤʲ,ɣʤʲ
49270,46100,20320,0,rsd,rzd
49280,46100,20320,0,rsr,zr
49290,46100,20320,0,rg,rɣ
49300,46100,20320,0,rr,r
49310,46100,20320,0,rgʰ,rɣ
